HITId,HITTypeId,Title,Description,Keywords,Reward,CreationTime,MaxAssignments,RequesterAnnotation,AssignmentDurationInSeconds,AutoApprovalDelayInSeconds,Expiration,NumberOfSimilarHITs,LifetimeInSeconds,AssignmentId,WorkerId,AssignmentStatus,AcceptTime,SubmitTime,AutoApprovalTime,ApprovalTime,RejectionTime,RequesterFeedback,WorkTimeInSeconds,LifetimeApprovalRate,Last30DaysApprovalRate,Last7DaysApprovalRate,Input.lesson_plan_title,Input.lesson_plan_key_concepts,Input.url,Answer.category.label,Approve,Reject
306996CF7ZSID74N60DVAK8JW381B1,3FL4YKC6STUEVM71T6I5JHH233FUMM,Educational Content Categorization,What type of educational resource would you categorize this website as?,"website, classification, educational content",$0.20 ,Sun Sep 29 16:18:49 PDT 2019,2,BatchId:3783234;OriginalHitTemplateId:928390929;,120,259200,Sun Oct 06 16:18:49 PDT 2019,,,3KYQYYSHYZFZBF72G17E6P5FOOFDOK,A2JPOXYZM5AJZZ,Submitted,Sun Sep 29 17:14:29 PDT 2019,Sun Sep 29 17:15:06 PDT 2019,Wed Oct 02 17:15:06 PDT 2019,,,,37,0% (0/0),0% (0/0),0% (0/0),Graph Theory,"Breadth First Search,Depth First Search,Shortest Path Algorithms",http://algo.ics.hawaii.edu/~nodari/teaching/f15/index.html,Schedule for the lesson plan,,
306996CF7ZSID74N60DVAK8JW381B1,3FL4YKC6STUEVM71T6I5JHH233FUMM,Educational Content Categorization,What type of educational resource would you categorize this website as?,"website, classification, educational content",$0.20 ,Sun Sep 29 16:18:49 PDT 2019,2,BatchId:3783234;OriginalHitTemplateId:928390929;,120,259200,Sun Oct 06 16:18:49 PDT 2019,,,3WLEIWSYHSP2GONZFZS7QXHAFB52H5,A1V6CP5I0TOSAR,Submitted,Sun Sep 29 16:26:41 PDT 2019,Sun Sep 29 16:27:41 PDT 2019,Wed Oct 02 16:27:41 PDT 2019,,,,60,0% (0/0),0% (0/0),0% (0/0),Graph Theory,"Breadth First Search,Depth First Search,Shortest Path Algorithms",http://algo.ics.hawaii.edu/~nodari/teaching/f15/index.html,Schedule for the lesson plan,,
30ZKOOGW3ZEDUXZV0MDZF9ODELN1A6,3FL4YKC6STUEVM71T6I5JHH233FUMM,Educational Content Categorization,What type of educational resource would you categorize this website as?,"website, classification, educational content",$0.20 ,Sun Sep 29 16:18:48 PDT 2019,2,BatchId:3783234;OriginalHitTemplateId:928390929;,120,259200,Sun Oct 06 16:18:48 PDT 2019,,,36U2A8VAG57JJZHEE52ZCTY7M7AKYE,A1V6CP5I0TOSAR,Submitted,Sun Sep 29 17:06:41 PDT 2019,Sun Sep 29 17:07:29 PDT 2019,Wed Oct 02 17:07:29 PDT 2019,,,,48,0% (0/0),0% (0/0),0% (0/0),Graph Theory,"Breadth First Search,Depth First Search,Shortest Path Algorithms",https://stackoverflow.com/questions/tagged/depth-first-search+data-structures,Related to key-concept(s),,
30ZKOOGW3ZEDUXZV0MDZF9ODELN1A6,3FL4YKC6STUEVM71T6I5JHH233FUMM,Educational Content Categorization,What type of educational resource would you categorize this website as?,"website, classification, educational content",$0.20 ,Sun Sep 29 16:18:48 PDT 2019,2,BatchId:3783234;OriginalHitTemplateId:928390929;,120,259200,Sun Oct 06 16:18:48 PDT 2019,,,3KYQYYSHYZFZBF72G17E6P5FOOIODY,A1GKEEI844CEKI,Submitted,Sun Sep 29 17:36:49 PDT 2019,Sun Sep 29 17:37:54 PDT 2019,Wed Oct 02 17:37:54 PDT 2019,,,,65,0% (0/0),0% (0/0),0% (0/0),Graph Theory,"Breadth First Search,Depth First Search,Shortest Path Algorithms",https://stackoverflow.com/questions/tagged/depth-first-search+data-structures,Explains key-concept(s),,
31SIZS5W6CNTAI5TNCP0B0LVM12RQY,3FL4YKC6STUEVM71T6I5JHH233FUMM,Educational Content Categorization,What type of educational resource would you categorize this website as?,"website, classification, educational content",$0.20 ,Sun Sep 29 16:18:49 PDT 2019,2,BatchId:3783234;OriginalHitTemplateId:928390929;,120,259200,Sun Oct 06 16:18:49 PDT 2019,,,35GMH2SV3IP43LL2CWIYC7N0O0JEOH,A1GKEEI844CEKI,Submitted,Sun Sep 29 17:37:54 PDT 2019,Sun Sep 29 17:38:23 PDT 2019,Wed Oct 02 17:38:23 PDT 2019,,,,29,0% (0/0),0% (0/0),0% (0/0),Greedy Algorithms,"Greedy algorithms,activity selection problems",http://algo.ics.hawaii.edu/~nodari/teaching/f15/index.html,Explains key-concept(s),,
31SIZS5W6CNTAI5TNCP0B0LVM12RQY,3FL4YKC6STUEVM71T6I5JHH233FUMM,Educational Content Categorization,What type of educational resource would you categorize this website as?,"website, classification, educational content",$0.20 ,Sun Sep 29 16:18:49 PDT 2019,2,BatchId:3783234;OriginalHitTemplateId:928390929;,120,259200,Sun Oct 06 16:18:49 PDT 2019,,,3R2UR8A0IEOD9LCJ718Q0W8746LXO0,A1V6CP5I0TOSAR,Submitted,Sun Sep 29 16:33:42 PDT 2019,Sun Sep 29 16:34:17 PDT 2019,Wed Oct 02 16:34:17 PDT 2019,,,,35,0% (0/0),0% (0/0),0% (0/0),Greedy Algorithms,"Greedy algorithms,activity selection problems",http://algo.ics.hawaii.edu/~nodari/teaching/f15/index.html,Schedule for the lesson plan,,
32FESTC2OKYHW9NRMOJAW6JYPL5UC0,3FL4YKC6STUEVM71T6I5JHH233FUMM,Educational Content Categorization,What type of educational resource would you categorize this website as?,"website, classification, educational content",$0.20 ,Sun Sep 29 16:18:50 PDT 2019,2,BatchId:3783234;OriginalHitTemplateId:928390929;,120,259200,Sun Oct 06 16:18:50 PDT 2019,,,3NGI5ARFTXDN4K3RF80YUN9W9W6P1L,A1V6CP5I0TOSAR,Submitted,Sun Sep 29 17:02:43 PDT 2019,Sun Sep 29 17:03:03 PDT 2019,Wed Oct 02 17:03:03 PDT 2019,,,,20,0% (0/0),0% (0/0),0% (0/0),Memory Management,"Memory Management,Virtual Memory,Dynamic Memory Allocation",https://en.wikipedia.org/wiki/Virtual_memory,Explains key-concept(s),,
32FESTC2OKYHW9NRMOJAW6JYPL5UC0,3FL4YKC6STUEVM71T6I5JHH233FUMM,Educational Content Categorization,What type of educational resource would you categorize this website as?,"website, classification, educational content",$0.20 ,Sun Sep 29 16:18:50 PDT 2019,2,BatchId:3783234;OriginalHitTemplateId:928390929;,120,259200,Sun Oct 06 16:18:50 PDT 2019,,,3TK8OJTYM5T3QWJPMMKN1BGCY08VPB,AKSJ3C5O3V9RB,Submitted,Sun Sep 29 16:29:08 PDT 2019,Sun Sep 29 16:29:52 PDT 2019,Wed Oct 02 16:29:52 PDT 2019,,,,44,0% (0/0),0% (0/0),0% (0/0),Memory Management,"Memory Management,Virtual Memory,Dynamic Memory Allocation",https://en.wikipedia.org/wiki/Virtual_memory,Summary of key-concept(s),,
338431Z1GONQP6SD8ZXWMVQV70KROQ,3FL4YKC6STUEVM71T6I5JHH233FUMM,Educational Content Categorization,What type of educational resource would you categorize this website as?,"website, classification, educational content",$0.20 ,Sun Sep 29 16:18:48 PDT 2019,2,BatchId:3783234;OriginalHitTemplateId:928390929;,120,259200,Sun Oct 06 16:18:48 PDT 2019,,,3LYA37P8IUVN6RO34DOF4I061YLKBS,A1PUHCEBSOWETV,Submitted,Sun Sep 29 16:20:13 PDT 2019,Sun Sep 29 16:20:32 PDT 2019,Wed Oct 02 16:20:32 PDT 2019,,,,19,0% (0/0),0% (0/0),0% (0/0),Graph Theory,"Breadth First Search,Depth First Search,Shortest Path Algorithms",https://jeremykun.com/2013/01/22/depth-and-breadth-first-search/,Explains key-concept(s),,
338431Z1GONQP6SD8ZXWMVQV70KROQ,3FL4YKC6STUEVM71T6I5JHH233FUMM,Educational Content Categorization,What type of educational resource would you categorize this website as?,"website, classification, educational content",$0.20 ,Sun Sep 29 16:18:48 PDT 2019,2,BatchId:3783234;OriginalHitTemplateId:928390929;,120,259200,Sun Oct 06 16:18:48 PDT 2019,,,3X1FV8S5J1ZXDJQQJ3U0722KX9QGVX,A3DZGDF9HCTAOB,Submitted,Sun Sep 29 17:00:12 PDT 2019,Sun Sep 29 17:00:19 PDT 2019,Wed Oct 02 17:00:19 PDT 2019,,,,7,0% (0/0),0% (0/0),0% (0/0),Graph Theory,"Breadth First Search,Depth First Search,Shortest Path Algorithms",https://jeremykun.com/2013/01/22/depth-and-breadth-first-search/,Explains key-concept(s),,
378G7J1SKO69LBWADF464I4YVDTWEU,3FL4YKC6STUEVM71T6I5JHH233FUMM,Educational Content Categorization,What type of educational resource would you categorize this website as?,"website, classification, educational content",$0.20 ,Sun Sep 29 16:18:50 PDT 2019,2,BatchId:3783234;OriginalHitTemplateId:928390929;,120,259200,Sun Oct 06 16:18:50 PDT 2019,,,33CKWXB73NSKNSKPU6P8TRRY6GY11R,A1V6CP5I0TOSAR,Submitted,Sun Sep 29 16:40:18 PDT 2019,Sun Sep 29 16:40:55 PDT 2019,Wed Oct 02 16:40:55 PDT 2019,,,,37,0% (0/0),0% (0/0),0% (0/0),Logistic Regression,Logistic Regression,https://www.r-bloggers.com/how-to-perform-a-logistic-regression-in-r/,Explains key-concept(s),,
378G7J1SKO69LBWADF464I4YVDTWEU,3FL4YKC6STUEVM71T6I5JHH233FUMM,Educational Content Categorization,What type of educational resource would you categorize this website as?,"website, classification, educational content",$0.20 ,Sun Sep 29 16:18:50 PDT 2019,2,BatchId:3783234;OriginalHitTemplateId:928390929;,120,259200,Sun Oct 06 16:18:50 PDT 2019,,,354P56DE9OBYSYYLW5L1Q25KZ2I7SL,A3DZGDF9HCTAOB,Submitted,Sun Sep 29 17:34:12 PDT 2019,Sun Sep 29 17:34:23 PDT 2019,Wed Oct 02 17:34:23 PDT 2019,,,,11,0% (0/0),0% (0/0),0% (0/0),Logistic Regression,Logistic Regression,https://www.r-bloggers.com/how-to-perform-a-logistic-regression-in-r/,Applications of key-concept(s),,
37VUR2VJ7DX1NCWTK09QL4E1EO81C8,3FL4YKC6STUEVM71T6I5JHH233FUMM,Educational Content Categorization,What type of educational resource would you categorize this website as?,"website, classification, educational content",$0.20 ,Sun Sep 29 16:18:49 PDT 2019,2,BatchId:3783234;OriginalHitTemplateId:928390929;,120,259200,Sun Oct 06 16:18:49 PDT 2019,,,33L7PJKHCK637CGJVAIXE7X1C5UT8B,A291KO368YRYCR,Submitted,Sun Sep 29 16:40:02 PDT 2019,Sun Sep 29 16:40:30 PDT 2019,Wed Oct 02 16:40:30 PDT 2019,,,,28,0% (0/0),0% (0/0),0% (0/0),Clustering,"Clustering,Mixture Models,Spectral Clustering",https://en.wikipedia.org/wiki/Cluster_(statistics),Explains key-concept(s),,
37VUR2VJ7DX1NCWTK09QL4E1EO81C8,3FL4YKC6STUEVM71T6I5JHH233FUMM,Educational Content Categorization,What type of educational resource would you categorize this website as?,"website, classification, educational content",$0.20 ,Sun Sep 29 16:18:49 PDT 2019,2,BatchId:3783234;OriginalHitTemplateId:928390929;,120,259200,Sun Oct 06 16:18:49 PDT 2019,,,3PMBY0YE2BBMZ0XIEGTLPTS88P99CU,A1PUHCEBSOWETV,Submitted,Sun Sep 29 16:19:05 PDT 2019,Sun Sep 29 16:19:46 PDT 2019,Wed Oct 02 16:19:46 PDT 2019,,,,41,0% (0/0),0% (0/0),0% (0/0),Clustering,"Clustering,Mixture Models,Spectral Clustering",https://en.wikipedia.org/wiki/Cluster_(statistics),Schedule for the lesson plan,,
382GHPVPIVZU2BXTEPHRQZHAKV543Q,3FL4YKC6STUEVM71T6I5JHH233FUMM,Educational Content Categorization,What type of educational resource would you categorize this website as?,"website, classification, educational content",$0.20 ,Sun Sep 29 16:18:50 PDT 2019,2,BatchId:3783234;OriginalHitTemplateId:928390929;,120,259200,Sun Oct 06 16:18:50 PDT 2019,,,35DR22AR5HSONWJXO3OYCTAW9FQX36,A1V6CP5I0TOSAR,Submitted,Sun Sep 29 16:41:45 PDT 2019,Sun Sep 29 16:42:14 PDT 2019,Wed Oct 02 16:42:14 PDT 2019,,,,29,0% (0/0),0% (0/0),0% (0/0),Memory Management,"Memory Management,Virtual Memory,Dynamic Memory Allocation",http://web.stanford.edu/~ouster/cgi-bin/cs140-spring14/index.php,Summary of key-concept(s),,
382GHPVPIVZU2BXTEPHRQZHAKV543Q,3FL4YKC6STUEVM71T6I5JHH233FUMM,Educational Content Categorization,What type of educational resource would you categorize this website as?,"website, classification, educational content",$0.20 ,Sun Sep 29 16:18:50 PDT 2019,2,BatchId:3783234;OriginalHitTemplateId:928390929;,120,259200,Sun Oct 06 16:18:50 PDT 2019,,,3634BBTX0S2MDDAV9CPZASCEOSVIF4,A3DZGDF9HCTAOB,Submitted,Sun Sep 29 17:07:10 PDT 2019,Sun Sep 29 17:07:57 PDT 2019,Wed Oct 02 17:07:57 PDT 2019,,,,47,0% (0/0),0% (0/0),0% (0/0),Memory Management,"Memory Management,Virtual Memory,Dynamic Memory Allocation",http://web.stanford.edu/~ouster/cgi-bin/cs140-spring14/index.php,Schedule for the lesson plan,,
3APP19WN84M9BADVSSHQ6RQXKRG6GL,3FL4YKC6STUEVM71T6I5JHH233FUMM,Educational Content Categorization,What type of educational resource would you categorize this website as?,"website, classification, educational content",$0.20 ,Sun Sep 29 16:18:49 PDT 2019,2,BatchId:3783234;OriginalHitTemplateId:928390929;,120,259200,Sun Oct 06 16:18:49 PDT 2019,,,3TXD01ZLD8PHOO86JCIU2R3YTX24U3,A1PUHCEBSOWETV,Submitted,Sun Sep 29 16:20:25 PDT 2019,Sun Sep 29 16:20:51 PDT 2019,Wed Oct 02 16:20:51 PDT 2019,,,,26,0% (0/0),0% (0/0),0% (0/0),Graph Theory,"Breadth First Search,Depth First Search,Shortest Path Algorithms",https://stackoverflow.com/questions/tagged/depth-first-search?page=2&sort=newest,Explains key-concept(s),,
3APP19WN84M9BADVSSHQ6RQXKRG6GL,3FL4YKC6STUEVM71T6I5JHH233FUMM,Educational Content Categorization,What type of educational resource would you categorize this website as?,"website, classification, educational content",$0.20 ,Sun Sep 29 16:18:49 PDT 2019,2,BatchId:3783234;OriginalHitTemplateId:928390929;,120,259200,Sun Oct 06 16:18:49 PDT 2019,,,3UJ1CZ6IZLXJ5UK28C64SIRO8WIS5M,A1V6CP5I0TOSAR,Submitted,Sun Sep 29 17:04:42 PDT 2019,Sun Sep 29 17:05:39 PDT 2019,Wed Oct 02 17:05:39 PDT 2019,,,,57,0% (0/0),0% (0/0),0% (0/0),Graph Theory,"Breadth First Search,Depth First Search,Shortest Path Algorithms",https://stackoverflow.com/questions/tagged/depth-first-search?page=2&sort=newest,Related to key-concept(s),,
3BC9H1KCZXK7RGD1DGG0BLWEDPYYWB,3FL4YKC6STUEVM71T6I5JHH233FUMM,Educational Content Categorization,What type of educational resource would you categorize this website as?,"website, classification, educational content",$0.20 ,Sun Sep 29 16:18:49 PDT 2019,2,BatchId:3783234;OriginalHitTemplateId:928390929;,120,259200,Sun Oct 06 16:18:49 PDT 2019,,,3JV9LGBJWXM2NZHTIR8MCA8C1GSOG2,AJ60KRY0FTB1F,Submitted,Sun Sep 29 16:53:28 PDT 2019,Sun Sep 29 16:55:06 PDT 2019,Wed Oct 02 16:55:06 PDT 2019,,,,98,0% (0/0),0% (0/0),0% (0/0),Memory Management,"Memory Management,Virtual Memory,Dynamic Memory Allocation",https://en.wikipedia.org/wiki/Memory_management_(operating_systems),Summary of key-concept(s),,
3BC9H1KCZXK7RGD1DGG0BLWEDPYYWB,3FL4YKC6STUEVM71T6I5JHH233FUMM,Educational Content Categorization,What type of educational resource would you categorize this website as?,"website, classification, educational content",$0.20 ,Sun Sep 29 16:18:49 PDT 2019,2,BatchId:3783234;OriginalHitTemplateId:928390929;,120,259200,Sun Oct 06 16:18:49 PDT 2019,,,3Z4AIRP3CALSDT5I1ZAFO0VZBVG1XM,A1V6CP5I0TOSAR,Submitted,Sun Sep 29 17:03:04 PDT 2019,Sun Sep 29 17:03:40 PDT 2019,Wed Oct 02 17:03:40 PDT 2019,,,,36,0% (0/0),0% (0/0),0% (0/0),Memory Management,"Memory Management,Virtual Memory,Dynamic Memory Allocation",https://en.wikipedia.org/wiki/Memory_management_(operating_systems),Explains key-concept(s),,
3BCRDCM0PG2EDW9EIJ254JIQR8X6KO,3FL4YKC6STUEVM71T6I5JHH233FUMM,Educational Content Categorization,What type of educational resource would you categorize this website as?,"website, classification, educational content",$0.20 ,Sun Sep 29 16:18:49 PDT 2019,2,BatchId:3783234;OriginalHitTemplateId:928390929;,120,259200,Sun Oct 06 16:18:49 PDT 2019,,,3C5W7UE9CJYP9IR7ULTD8SJ2964MX8,A1PUHCEBSOWETV,Submitted,Sun Sep 29 16:20:16 PDT 2019,Sun Sep 29 16:20:39 PDT 2019,Wed Oct 02 16:20:39 PDT 2019,,,,23,0% (0/0),0% (0/0),0% (0/0),Memory Management,"Memory Management,Virtual Memory,Dynamic Memory Allocation",https://cs.nyu.edu/~gottlieb/courses/2000s/2004-05-fall/os/lectures/lecture-08.html,Explains key-concept(s),,
3BCRDCM0PG2EDW9EIJ254JIQR8X6KO,3FL4YKC6STUEVM71T6I5JHH233FUMM,Educational Content Categorization,What type of educational resource would you categorize this website as?,"website, classification, educational content",$0.20 ,Sun Sep 29 16:18:49 PDT 2019,2,BatchId:3783234;OriginalHitTemplateId:928390929;,120,259200,Sun Oct 06 16:18:49 PDT 2019,,,3OJSZ2ATDW4XMW0AK98TXRVSLI0759,AKSJ3C5O3V9RB,Submitted,Sun Sep 29 16:25:19 PDT 2019,Sun Sep 29 16:26:16 PDT 2019,Wed Oct 02 16:26:16 PDT 2019,,,,57,0% (0/0),0% (0/0),0% (0/0),Memory Management,"Memory Management,Virtual Memory,Dynamic Memory Allocation",https://cs.nyu.edu/~gottlieb/courses/2000s/2004-05-fall/os/lectures/lecture-08.html,Applications of key-concept(s),,
3D3B8GE8A5Z2668STIAPKAVRBJAP9I,3FL4YKC6STUEVM71T6I5JHH233FUMM,Educational Content Categorization,What type of educational resource would you categorize this website as?,"website, classification, educational content",$0.20 ,Sun Sep 29 16:18:49 PDT 2019,2,BatchId:3783234;OriginalHitTemplateId:928390929;,120,259200,Sun Oct 06 16:18:49 PDT 2019,,,3X31TUMD71UXDZOTNG7RD60C4M0L1E,AKSJ3C5O3V9RB,Submitted,Sun Sep 29 16:28:29 PDT 2019,Sun Sep 29 16:29:01 PDT 2019,Wed Oct 02 16:29:01 PDT 2019,,,,32,0% (0/0),0% (0/0),0% (0/0),Clustering,"Clustering,Mixture Models,Spectral Clustering",http://www.cs.cmu.edu/~aarti/Class/10601/lectures.shtml,Schedule for the lesson plan,,
3D3B8GE8A5Z2668STIAPKAVRBJAP9I,3FL4YKC6STUEVM71T6I5JHH233FUMM,Educational Content Categorization,What type of educational resource would you categorize this website as?,"website, classification, educational content",$0.20 ,Sun Sep 29 16:18:49 PDT 2019,2,BatchId:3783234;OriginalHitTemplateId:928390929;,120,259200,Sun Oct 06 16:18:49 PDT 2019,,,3X73LLYYQ5MY5ACS1IQRILK8Q62HNH,A3DZGDF9HCTAOB,Submitted,Sun Sep 29 17:05:29 PDT 2019,Sun Sep 29 17:06:29 PDT 2019,Wed Oct 02 17:06:29 PDT 2019,,,,60,0% (0/0),0% (0/0),0% (0/0),Clustering,"Clustering,Mixture Models,Spectral Clustering",http://www.cs.cmu.edu/~aarti/Class/10601/lectures.shtml,Schedule for the lesson plan,,
3E6L1VR4YZU3XAH0H8B8O6QLJCG6FM,3FL4YKC6STUEVM71T6I5JHH233FUMM,Educational Content Categorization,What type of educational resource would you categorize this website as?,"website, classification, educational content",$0.20 ,Sun Sep 29 16:18:48 PDT 2019,2,BatchId:3783234;OriginalHitTemplateId:928390929;,120,259200,Sun Oct 06 16:18:48 PDT 2019,,,3EKVH9QME2CL48IXT39HZC2CNJI2D2,A1V6CP5I0TOSAR,Submitted,Sun Sep 29 17:03:40 PDT 2019,Sun Sep 29 17:04:42 PDT 2019,Wed Oct 02 17:04:42 PDT 2019,,,,62,0% (0/0),0% (0/0),0% (0/0),Graph Theory,"Breadth First Search,Depth First Search,Shortest Path Algorithms",https://codereview.stackexchange.com/questions/tagged/breadth-first-search,Related to key-concept(s),,
3E6L1VR4YZU3XAH0H8B8O6QLJCG6FM,3FL4YKC6STUEVM71T6I5JHH233FUMM,Educational Content Categorization,What type of educational resource would you categorize this website as?,"website, classification, educational content",$0.20 ,Sun Sep 29 16:18:48 PDT 2019,2,BatchId:3783234;OriginalHitTemplateId:928390929;,120,259200,Sun Oct 06 16:18:48 PDT 2019,,,3HUTX6F6VYVC859MJCNXA6EBRXN2OX,AJ60KRY0FTB1F,Submitted,Sun Sep 29 16:49:54 PDT 2019,Sun Sep 29 16:51:29 PDT 2019,Wed Oct 02 16:51:29 PDT 2019,,,,95,0% (0/0),0% (0/0),0% (0/0),Graph Theory,"Breadth First Search,Depth First Search,Shortest Path Algorithms",https://codereview.stackexchange.com/questions/tagged/breadth-first-search,Schedule for the lesson plan,,
3FJ2RVH262E6EZ7MRKZDOXNY09J92G,3FL4YKC6STUEVM71T6I5JHH233FUMM,Educational Content Categorization,What type of educational resource would you categorize this website as?,"website, classification, educational content",$0.20 ,Sun Sep 29 16:18:48 PDT 2019,2,BatchId:3783234;OriginalHitTemplateId:928390929;,120,259200,Sun Oct 06 16:18:48 PDT 2019,,,30H4UDGLT6QK09PG8UJWEFXZ772MPR,A1V6CP5I0TOSAR,Submitted,Sun Sep 29 17:09:50 PDT 2019,Sun Sep 29 17:11:46 PDT 2019,Wed Oct 02 17:11:46 PDT 2019,,,,116,0% (0/0),0% (0/0),0% (0/0),Graph Theory,"Breadth First Search,Depth First Search,Shortest Path Algorithms",https://www.ics.uci.edu/~eppstein/161/960215.html,Explains key-concept(s),,
3FJ2RVH262E6EZ7MRKZDOXNY09J92G,3FL4YKC6STUEVM71T6I5JHH233FUMM,Educational Content Categorization,What type of educational resource would you categorize this website as?,"website, classification, educational content",$0.20 ,Sun Sep 29 16:18:48 PDT 2019,2,BatchId:3783234;OriginalHitTemplateId:928390929;,120,259200,Sun Oct 06 16:18:48 PDT 2019,,,3IGI0VL64BS8XRYF5VLH2UH92SHNOC,A3DZGDF9HCTAOB,Submitted,Sun Sep 29 17:14:59 PDT 2019,Sun Sep 29 17:15:21 PDT 2019,Wed Oct 02 17:15:21 PDT 2019,,,,22,0% (0/0),0% (0/0),0% (0/0),Graph Theory,"Breadth First Search,Depth First Search,Shortest Path Algorithms",https://www.ics.uci.edu/~eppstein/161/960215.html,Explains key-concept(s),,
3FO95NVK6F85NYK6FGE5600W4PNRSN,3FL4YKC6STUEVM71T6I5JHH233FUMM,Educational Content Categorization,What type of educational resource would you categorize this website as?,"website, classification, educational content",$0.20 ,Sun Sep 29 16:18:49 PDT 2019,2,BatchId:3783234;OriginalHitTemplateId:928390929;,120,259200,Sun Oct 06 16:18:49 PDT 2019,,,3OHYZ19UGGD1D84QWRGCGOX93LCAO9,A1V6CP5I0TOSAR,Submitted,Sun Sep 29 16:32:49 PDT 2019,Sun Sep 29 16:33:40 PDT 2019,Wed Oct 02 16:33:40 PDT 2019,,,,51,0% (0/0),0% (0/0),0% (0/0),Clustering,"Clustering,Mixture Models,Spectral Clustering",http://scikit-learn.org/stable/modules/clustering.html,Applications of key-concept(s),,
3FO95NVK6F85NYK6FGE5600W4PNRSN,3FL4YKC6STUEVM71T6I5JHH233FUMM,Educational Content Categorization,What type of educational resource would you categorize this website as?,"website, classification, educational content",$0.20 ,Sun Sep 29 16:18:49 PDT 2019,2,BatchId:3783234;OriginalHitTemplateId:928390929;,120,259200,Sun Oct 06 16:18:49 PDT 2019,,,3TY7ZAOG5JSMM4LT6XRQK14NAUP0KN,AKSJ3C5O3V9RB,Submitted,Sun Sep 29 16:23:12 PDT 2019,Sun Sep 29 16:25:08 PDT 2019,Wed Oct 02 16:25:08 PDT 2019,,,,116,0% (0/0),0% (0/0),0% (0/0),Clustering,"Clustering,Mixture Models,Spectral Clustering",http://scikit-learn.org/stable/modules/clustering.html,Explains key-concept(s),,
3FSEU3P2OU8TMJKT0RE0GQV0IN4RRZ,3FL4YKC6STUEVM71T6I5JHH233FUMM,Educational Content Categorization,What type of educational resource would you categorize this website as?,"website, classification, educational content",$0.20 ,Sun Sep 29 16:18:49 PDT 2019,2,BatchId:3783234;OriginalHitTemplateId:928390929;,120,259200,Sun Oct 06 16:18:49 PDT 2019,,,3DYGAII7PPGBLON80NQDVOH4H8ZPQH,A1V6CP5I0TOSAR,Submitted,Sun Sep 29 17:11:46 PDT 2019,Sun Sep 29 17:12:16 PDT 2019,Wed Oct 02 17:12:16 PDT 2019,,,,30,0% (0/0),0% (0/0),0% (0/0),Clustering,"Clustering,Mixture Models,Spectral Clustering",https://en.wikipedia.org/wiki/Mixture_models,Explains key-concept(s),,
3FSEU3P2OU8TMJKT0RE0GQV0IN4RRZ,3FL4YKC6STUEVM71T6I5JHH233FUMM,Educational Content Categorization,What type of educational resource would you categorize this website as?,"website, classification, educational content",$0.20 ,Sun Sep 29 16:18:49 PDT 2019,2,BatchId:3783234;OriginalHitTemplateId:928390929;,120,259200,Sun Oct 06 16:18:49 PDT 2019,,,3QECW5O0KL9KKUXHXCBU2NNAAF0T5G,A1NMKXK04PZ6KK,Submitted,Sun Sep 29 17:29:23 PDT 2019,Sun Sep 29 17:30:08 PDT 2019,Wed Oct 02 17:30:08 PDT 2019,,,,45,0% (0/0),0% (0/0),0% (0/0),Clustering,"Clustering,Mixture Models,Spectral Clustering",https://en.wikipedia.org/wiki/Mixture_models,Explains key-concept(s),,
3GMLHYZ0MH5UZCOWIG1ZTXBHS9NYUC,3FL4YKC6STUEVM71T6I5JHH233FUMM,Educational Content Categorization,What type of educational resource would you categorize this website as?,"website, classification, educational content",$0.20 ,Sun Sep 29 16:18:48 PDT 2019,2,BatchId:3783234;OriginalHitTemplateId:928390929;,120,259200,Sun Oct 06 16:18:48 PDT 2019,,,34BBWHLWHEJOOZWQZ1ZZEGYEJVLWIG,AJ60KRY0FTB1F,Submitted,Sun Sep 29 17:09:13 PDT 2019,Sun Sep 29 17:10:16 PDT 2019,Wed Oct 02 17:10:16 PDT 2019,,,,63,0% (0/0),0% (0/0),0% (0/0),Graph Theory,"Breadth First Search,Depth First Search,Shortest Path Algorithms",https://en.wikipedia.org/wiki/Depth-first_search,Summary of key-concept(s),,
3GMLHYZ0MH5UZCOWIG1ZTXBHS9NYUC,3FL4YKC6STUEVM71T6I5JHH233FUMM,Educational Content Categorization,What type of educational resource would you categorize this website as?,"website, classification, educational content",$0.20 ,Sun Sep 29 16:18:48 PDT 2019,2,BatchId:3783234;OriginalHitTemplateId:928390929;,120,259200,Sun Oct 06 16:18:48 PDT 2019,,,3YGXWBAF74PL2UR6XLXU8LHSMXX4CV,AKSJ3C5O3V9RB,Submitted,Sun Sep 29 16:30:31 PDT 2019,Sun Sep 29 16:30:36 PDT 2019,Wed Oct 02 16:30:36 PDT 2019,,,,5,0% (0/0),0% (0/0),0% (0/0),Graph Theory,"Breadth First Search,Depth First Search,Shortest Path Algorithms",https://en.wikipedia.org/wiki/Depth-first_search,Summary of key-concept(s),,
3GV1I4SEPCXPX2RW3JE6JJV5G826LR,3FL4YKC6STUEVM71T6I5JHH233FUMM,Educational Content Categorization,What type of educational resource would you categorize this website as?,"website, classification, educational content",$0.20 ,Sun Sep 29 16:18:50 PDT 2019,2,BatchId:3783234;OriginalHitTemplateId:928390929;,120,259200,Sun Oct 06 16:18:50 PDT 2019,,,3I0BTBYZA1TH69AAACSHT9JY895Y0N,A3DZGDF9HCTAOB,Submitted,Sun Sep 29 17:18:45 PDT 2019,Sun Sep 29 17:18:51 PDT 2019,Wed Oct 02 17:18:51 PDT 2019,,,,6,0% (0/0),0% (0/0),0% (0/0),Memory Management,"Memory Management,Virtual Memory,Dynamic Memory Allocation",https://en.wikipedia.org/wiki/C_dynamic_memory_allocation,Explains key-concept(s),,
3GV1I4SEPCXPX2RW3JE6JJV5G826LR,3FL4YKC6STUEVM71T6I5JHH233FUMM,Educational Content Categorization,What type of educational resource would you categorize this website as?,"website, classification, educational content",$0.20 ,Sun Sep 29 16:18:50 PDT 2019,2,BatchId:3783234;OriginalHitTemplateId:928390929;,120,259200,Sun Oct 06 16:18:50 PDT 2019,,,3R08VXYT7G3RZFFUGAV2NR855F3W7E,A1V6CP5I0TOSAR,Submitted,Sun Sep 29 16:25:02 PDT 2019,Sun Sep 29 16:26:41 PDT 2019,Wed Oct 02 16:26:41 PDT 2019,,,,99,0% (0/0),0% (0/0),0% (0/0),Memory Management,"Memory Management,Virtual Memory,Dynamic Memory Allocation",https://en.wikipedia.org/wiki/C_dynamic_memory_allocation,Explains key-concept(s),,
3HUR21WDEXXMGGIRNLCMD4ALMR4YX4,3FL4YKC6STUEVM71T6I5JHH233FUMM,Educational Content Categorization,What type of educational resource would you categorize this website as?,"website, classification, educational content",$0.20 ,Sun Sep 29 16:18:50 PDT 2019,2,BatchId:3783234;OriginalHitTemplateId:928390929;,120,259200,Sun Oct 06 16:18:50 PDT 2019,,,374TNBHA8F35U2F9RAMW8FAGLD1YQJ,A1V6CP5I0TOSAR,Submitted,Sun Sep 29 17:02:07 PDT 2019,Sun Sep 29 17:02:42 PDT 2019,Wed Oct 02 17:02:42 PDT 2019,,,,35,0% (0/0),0% (0/0),0% (0/0),Logistic Regression,Logistic Regression,https://stats.idre.ucla.edu/stata/dae/logistic-regression/,Applications of key-concept(s),,
3HUR21WDEXXMGGIRNLCMD4ALMR4YX4,3FL4YKC6STUEVM71T6I5JHH233FUMM,Educational Content Categorization,What type of educational resource would you categorize this website as?,"website, classification, educational content",$0.20 ,Sun Sep 29 16:18:50 PDT 2019,2,BatchId:3783234;OriginalHitTemplateId:928390929;,120,259200,Sun Oct 06 16:18:50 PDT 2019,,,3S96KQ6I9QCFO7CACITD0ZB2NWUTDK,A3DZGDF9HCTAOB,Submitted,Sun Sep 29 17:01:28 PDT 2019,Sun Sep 29 17:02:51 PDT 2019,Wed Oct 02 17:02:51 PDT 2019,,,,83,0% (0/0),0% (0/0),0% (0/0),Logistic Regression,Logistic Regression,https://stats.idre.ucla.edu/stata/dae/logistic-regression/,Applications of key-concept(s),,
3HY86PZXQ1QGKAG7GRFLBSE4Z0L1E1,3FL4YKC6STUEVM71T6I5JHH233FUMM,Educational Content Categorization,What type of educational resource would you categorize this website as?,"website, classification, educational content",$0.20 ,Sun Sep 29 16:18:50 PDT 2019,2,BatchId:3783234;OriginalHitTemplateId:928390929;,120,259200,Sun Oct 06 16:18:50 PDT 2019,,,3GNA64GUZIC7SE5PG8HZXICNQ8Z5QC,A3DZGDF9HCTAOB,Submitted,Sun Sep 29 17:13:46 PDT 2019,Sun Sep 29 17:14:05 PDT 2019,Wed Oct 02 17:14:05 PDT 2019,,,,19,0% (0/0),0% (0/0),0% (0/0),Memory Management,"Memory Management,Virtual Memory,Dynamic Memory Allocation",https://stackoverflow.com/a/14070788,Summary of key-concept(s),,
3HY86PZXQ1QGKAG7GRFLBSE4Z0L1E1,3FL4YKC6STUEVM71T6I5JHH233FUMM,Educational Content Categorization,What type of educational resource would you categorize this website as?,"website, classification, educational content",$0.20 ,Sun Sep 29 16:18:50 PDT 2019,2,BatchId:3783234;OriginalHitTemplateId:928390929;,120,259200,Sun Oct 06 16:18:50 PDT 2019,,,3XC1O3LBOWUYMJ02PZR1JCJ7W5YTL2,A1V6CP5I0TOSAR,Submitted,Sun Sep 29 17:16:33 PDT 2019,Sun Sep 29 17:16:55 PDT 2019,Wed Oct 02 17:16:55 PDT 2019,,,,22,0% (0/0),0% (0/0),0% (0/0),Memory Management,"Memory Management,Virtual Memory,Dynamic Memory Allocation",https://stackoverflow.com/a/14070788,Related to key-concept(s),,
3K3IX1W4T9ZGBPIXLOOPG56BH1SPAX,3FL4YKC6STUEVM71T6I5JHH233FUMM,Educational Content Categorization,What type of educational resource would you categorize this website as?,"website, classification, educational content",$0.20 ,Sun Sep 29 16:18:50 PDT 2019,2,BatchId:3783234;OriginalHitTemplateId:928390929;,120,259200,Sun Oct 06 16:18:50 PDT 2019,,,39ASUFLU61FRXUZUDN5UVKET04IXEZ,AJ60KRY0FTB1F,Submitted,Sun Sep 29 16:57:27 PDT 2019,Sun Sep 29 16:58:29 PDT 2019,Wed Oct 02 16:58:29 PDT 2019,,,,62,0% (0/0),0% (0/0),0% (0/0),Memory Management,"Memory Management,Virtual Memory,Dynamic Memory Allocation",http://faculty.salina.k-state.edu/tim/ossg/index.html,Schedule for the lesson plan,,
3K3IX1W4T9ZGBPIXLOOPG56BH1SPAX,3FL4YKC6STUEVM71T6I5JHH233FUMM,Educational Content Categorization,What type of educational resource would you categorize this website as?,"website, classification, educational content",$0.20 ,Sun Sep 29 16:18:50 PDT 2019,2,BatchId:3783234;OriginalHitTemplateId:928390929;,120,259200,Sun Oct 06 16:18:50 PDT 2019,,,3C8HJ7UOPB2EEDRMV3HY5DZDH6BMZE,A3DZGDF9HCTAOB,Submitted,Sun Sep 29 17:23:39 PDT 2019,Sun Sep 29 17:23:48 PDT 2019,Wed Oct 02 17:23:48 PDT 2019,,,,9,0% (0/0),0% (0/0),0% (0/0),Memory Management,"Memory Management,Virtual Memory,Dynamic Memory Allocation",http://faculty.salina.k-state.edu/tim/ossg/index.html,Schedule for the lesson plan,,
3KA7IJSNX9DLUZNPR2OLBGQHZJDPBS,3FL4YKC6STUEVM71T6I5JHH233FUMM,Educational Content Categorization,What type of educational resource would you categorize this website as?,"website, classification, educational content",$0.20 ,Sun Sep 29 16:18:50 PDT 2019,2,BatchId:3783234;OriginalHitTemplateId:928390929;,120,259200,Sun Oct 06 16:18:50 PDT 2019,,,3K9FOBBF2LR0R6VIS35PADDF7N7NLQ,A1V6CP5I0TOSAR,Submitted,Sun Sep 29 16:38:52 PDT 2019,Sun Sep 29 16:39:33 PDT 2019,Wed Oct 02 16:39:33 PDT 2019,,,,41,0% (0/0),0% (0/0),0% (0/0),Memory Management,"Memory Management,Virtual Memory,Dynamic Memory Allocation",http://jcsites.juniata.edu/faculty/rhodes/os/ch8a.htm,Explains key-concept(s),,
3KA7IJSNX9DLUZNPR2OLBGQHZJDPBS,3FL4YKC6STUEVM71T6I5JHH233FUMM,Educational Content Categorization,What type of educational resource would you categorize this website as?,"website, classification, educational content",$0.20 ,Sun Sep 29 16:18:50 PDT 2019,2,BatchId:3783234;OriginalHitTemplateId:928390929;,120,259200,Sun Oct 06 16:18:50 PDT 2019,,,3LRLIPTPEUHINHJBYZOJ97G0JGAAKX,A3DZGDF9HCTAOB,Submitted,Sun Sep 29 17:27:10 PDT 2019,Sun Sep 29 17:27:17 PDT 2019,Wed Oct 02 17:27:17 PDT 2019,,,,7,0% (0/0),0% (0/0),0% (0/0),Memory Management,"Memory Management,Virtual Memory,Dynamic Memory Allocation",http://jcsites.juniata.edu/faculty/rhodes/os/ch8a.htm,Summary of key-concept(s),,
3LB1BGHFM54FZZ97IBBPO1PF9VGYTL,3FL4YKC6STUEVM71T6I5JHH233FUMM,Educational Content Categorization,What type of educational resource would you categorize this website as?,"website, classification, educational content",$0.20 ,Sun Sep 29 16:18:48 PDT 2019,2,BatchId:3783234;OriginalHitTemplateId:928390929;,120,259200,Sun Oct 06 16:18:48 PDT 2019,,,3GM6G9ZBKR5IS1INPBSGJPYWWAHMTQ,AKSJ3C5O3V9RB,Submitted,Sun Sep 29 16:27:17 PDT 2019,Sun Sep 29 16:28:15 PDT 2019,Wed Oct 02 16:28:15 PDT 2019,,,,58,0% (0/0),0% (0/0),0% (0/0),Graph Theory,"Breadth First Search,Depth First Search,Shortest Path Algorithms",https://en.wikipedia.org/wiki/Breadth-first_search,Summary of key-concept(s),,
3LB1BGHFM54FZZ97IBBPO1PF9VGYTL,3FL4YKC6STUEVM71T6I5JHH233FUMM,Educational Content Categorization,What type of educational resource would you categorize this website as?,"website, classification, educational content",$0.20 ,Sun Sep 29 16:18:48 PDT 2019,2,BatchId:3783234;OriginalHitTemplateId:928390929;,120,259200,Sun Oct 06 16:18:48 PDT 2019,,,3LOTDFNYAB74E8U0YTTEBJLM33TWFP,A1V6CP5I0TOSAR,Submitted,Sun Sep 29 17:08:54 PDT 2019,Sun Sep 29 17:09:50 PDT 2019,Wed Oct 02 17:09:50 PDT 2019,,,,56,0% (0/0),0% (0/0),0% (0/0),Graph Theory,"Breadth First Search,Depth First Search,Shortest Path Algorithms",https://en.wikipedia.org/wiki/Breadth-first_search,Explains key-concept(s),,
3MQKOF1EF5W4T5IAHKTMY0MDV1SWD1,3FL4YKC6STUEVM71T6I5JHH233FUMM,Educational Content Categorization,What type of educational resource would you categorize this website as?,"website, classification, educational content",$0.20 ,Sun Sep 29 16:18:50 PDT 2019,2,BatchId:3783234;OriginalHitTemplateId:928390929;,120,259200,Sun Oct 06 16:18:50 PDT 2019,,,37ZHEEHM60UU8HD66QK0IUX87M873I,A1PUHCEBSOWETV,Submitted,Sun Sep 29 16:20:19 PDT 2019,Sun Sep 29 16:20:46 PDT 2019,Wed Oct 02 16:20:46 PDT 2019,,,,27,0% (0/0),0% (0/0),0% (0/0),Logistic Regression,Logistic Regression,https://onlinecourses.science.psu.edu/stat504/node/217,Applications of key-concept(s),,
3MQKOF1EF5W4T5IAHKTMY0MDV1SWD1,3FL4YKC6STUEVM71T6I5JHH233FUMM,Educational Content Categorization,What type of educational resource would you categorize this website as?,"website, classification, educational content",$0.20 ,Sun Sep 29 16:18:50 PDT 2019,2,BatchId:3783234;OriginalHitTemplateId:928390929;,120,259200,Sun Oct 06 16:18:50 PDT 2019,,,3MMN5BL1W3CDTKKTAWMP1CUY2B43MQ,A1P3Z24Y6GRNVA,Submitted,Sun Sep 29 16:24:13 PDT 2019,Sun Sep 29 16:24:56 PDT 2019,Wed Oct 02 16:24:56 PDT 2019,,,,43,0% (0/0),0% (0/0),0% (0/0),Logistic Regression,Logistic Regression,https://onlinecourses.science.psu.edu/stat504/node/217,Applications of key-concept(s),,
3O0M2G5VD9AGHDM9VYI1HCKWKNF94C,3FL4YKC6STUEVM71T6I5JHH233FUMM,Educational Content Categorization,What type of educational resource would you categorize this website as?,"website, classification, educational content",$0.20 ,Sun Sep 29 16:18:49 PDT 2019,2,BatchId:3783234;OriginalHitTemplateId:928390929;,120,259200,Sun Oct 06 16:18:49 PDT 2019,,,38F5OAUN5RK92PK5LB92MOYIQRZ7HY,A1V6CP5I0TOSAR,Submitted,Sun Sep 29 17:18:55 PDT 2019,Sun Sep 29 17:20:13 PDT 2019,Wed Oct 02 17:20:13 PDT 2019,,,,78,0% (0/0),0% (0/0),0% (0/0),Clustering,"Clustering,Mixture Models,Spectral Clustering",https://ocw.mit.edu/courses/electrical-engineering-and-computer-science/6-00sc-introduction-to-computer-science-and-programming-spring-2011/unit-3/lecture-20-more-clustering/,Schedule for the lesson plan,,
3O0M2G5VD9AGHDM9VYI1HCKWKNF94C,3FL4YKC6STUEVM71T6I5JHH233FUMM,Educational Content Categorization,What type of educational resource would you categorize this website as?,"website, classification, educational content",$0.20 ,Sun Sep 29 16:18:49 PDT 2019,2,BatchId:3783234;OriginalHitTemplateId:928390929;,120,259200,Sun Oct 06 16:18:49 PDT 2019,,,3ZPPDN2SLZ41WYHWA7ZGFHSBT1V9EW,A3DZGDF9HCTAOB,Submitted,Sun Sep 29 17:17:38 PDT 2019,Sun Sep 29 17:17:44 PDT 2019,Wed Oct 02 17:17:44 PDT 2019,,,,6,0% (0/0),0% (0/0),0% (0/0),Clustering,"Clustering,Mixture Models,Spectral Clustering",https://ocw.mit.edu/courses/electrical-engineering-and-computer-science/6-00sc-introduction-to-computer-science-and-programming-spring-2011/unit-3/lecture-20-more-clustering/,Schedule for the lesson plan,,
3OJX0UFJ12FFYBGOA49JUGIQJ02U9J,3FL4YKC6STUEVM71T6I5JHH233FUMM,Educational Content Categorization,What type of educational resource would you categorize this website as?,"website, classification, educational content",$0.20 ,Sun Sep 29 16:18:49 PDT 2019,2,BatchId:3783234;OriginalHitTemplateId:928390929;,120,259200,Sun Oct 06 16:18:49 PDT 2019,,,34J10VATJJ6J4204NS0TMRGSVU8IQ2,A1GKEEI844CEKI,Submitted,Sun Sep 29 17:35:55 PDT 2019,Sun Sep 29 17:36:49 PDT 2019,Wed Oct 02 17:36:49 PDT 2019,,,,54,0% (0/0),0% (0/0),0% (0/0),Greedy Algorithms,"Greedy algorithms,activity selection problems",https://www.hackerearth.com/practice/algorithms/greedy/basics-of-greedy-algorithms/,Applications of key-concept(s),,
3OJX0UFJ12FFYBGOA49JUGIQJ02U9J,3FL4YKC6STUEVM71T6I5JHH233FUMM,Educational Content Categorization,What type of educational resource would you categorize this website as?,"website, classification, educational content",$0.20 ,Sun Sep 29 16:18:49 PDT 2019,2,BatchId:3783234;OriginalHitTemplateId:928390929;,120,259200,Sun Oct 06 16:18:49 PDT 2019,,,39K0FND3ALNDD5JEJB1ZOK848L6MAF,A3DZGDF9HCTAOB,Submitted,Sun Sep 29 17:38:22 PDT 2019,Sun Sep 29 17:39:07 PDT 2019,Wed Oct 02 17:39:07 PDT 2019,,,,45,0% (0/0),0% (0/0),0% (0/0),Greedy Algorithms,"Greedy algorithms,activity selection problems",https://www.hackerearth.com/practice/algorithms/greedy/basics-of-greedy-algorithms/,Applications of key-concept(s),,
3PA41K45WQCYSNKZELC56E4LGTMP76,3FL4YKC6STUEVM71T6I5JHH233FUMM,Educational Content Categorization,What type of educational resource would you categorize this website as?,"website, classification, educational content",$0.20 ,Sun Sep 29 16:18:49 PDT 2019,2,BatchId:3783234;OriginalHitTemplateId:928390929;,120,259200,Sun Oct 06 16:18:49 PDT 2019,,,3X66WABAJ0QD1AO7ZTOUO7A16P1G34,A3DZGDF9HCTAOB,Submitted,Sun Sep 29 17:28:59 PDT 2019,Sun Sep 29 17:29:06 PDT 2019,Wed Oct 02 17:29:06 PDT 2019,,,,7,0% (0/0),0% (0/0),0% (0/0),Graph Theory,"Breadth First Search,Depth First Search,Shortest Path Algorithms",https://algs4.cs.princeton.edu/41graph,Explains key-concept(s),,
3PA41K45WQCYSNKZELC56E4LGTMP76,3FL4YKC6STUEVM71T6I5JHH233FUMM,Educational Content Categorization,What type of educational resource would you categorize this website as?,"website, classification, educational content",$0.20 ,Sun Sep 29 16:18:49 PDT 2019,2,BatchId:3783234;OriginalHitTemplateId:928390929;,120,259200,Sun Oct 06 16:18:49 PDT 2019,,,3YOH7BII0DF2F5M99UFF5UUD4QCKV9,A1GKEEI844CEKI,Submitted,Sun Sep 29 17:35:07 PDT 2019,Sun Sep 29 17:35:54 PDT 2019,Wed Oct 02 17:35:54 PDT 2019,,,,47,0% (0/0),0% (0/0),0% (0/0),Graph Theory,"Breadth First Search,Depth First Search,Shortest Path Algorithms",https://algs4.cs.princeton.edu/41graph,Applications of key-concept(s),,
3PMR2DOWPR9XGQKXS85K5WFUYRW45G,3FL4YKC6STUEVM71T6I5JHH233FUMM,Educational Content Categorization,What type of educational resource would you categorize this website as?,"website, classification, educational content",$0.20 ,Sun Sep 29 16:18:50 PDT 2019,2,BatchId:3783234;OriginalHitTemplateId:928390929;,120,259200,Sun Oct 06 16:18:50 PDT 2019,,,3AZHRG4CU8SGQ6DMLRZR3FNLZ8A03J,A1V6CP5I0TOSAR,Submitted,Sun Sep 29 17:13:23 PDT 2019,Sun Sep 29 17:13:59 PDT 2019,Wed Oct 02 17:13:59 PDT 2019,,,,36,0% (0/0),0% (0/0),0% (0/0),Logistic Regression,Logistic Regression,https://www.medcalc.org/manual/logistic_regression.php,Applications of key-concept(s),,
3PMR2DOWPR9XGQKXS85K5WFUYRW45G,3FL4YKC6STUEVM71T6I5JHH233FUMM,Educational Content Categorization,What type of educational resource would you categorize this website as?,"website, classification, educational content",$0.20 ,Sun Sep 29 16:18:50 PDT 2019,2,BatchId:3783234;OriginalHitTemplateId:928390929;,120,259200,Sun Oct 06 16:18:50 PDT 2019,,,3OCHAWUVGSSUJUR499GXTFRYK1KKXC,A3DZGDF9HCTAOB,Submitted,Sun Sep 29 17:35:19 PDT 2019,Sun Sep 29 17:35:24 PDT 2019,Wed Oct 02 17:35:24 PDT 2019,,,,5,0% (0/0),0% (0/0),0% (0/0),Logistic Regression,Logistic Regression,https://www.medcalc.org/manual/logistic_regression.php,Applications of key-concept(s),,
3QGHA0EA1M8BE8KQ3O2G3AYDSGGWBU,3FL4YKC6STUEVM71T6I5JHH233FUMM,Educational Content Categorization,What type of educational resource would you categorize this website as?,"website, classification, educational content",$0.20 ,Sun Sep 29 16:18:49 PDT 2019,2,BatchId:3783234;OriginalHitTemplateId:928390929;,120,259200,Sun Oct 06 16:18:49 PDT 2019,,,3AZHRG4CU8SGQ6DMLRZR3FNLZ8430G,A1V6CP5I0TOSAR,Submitted,Sun Sep 29 16:31:57 PDT 2019,Sun Sep 29 16:32:48 PDT 2019,Wed Oct 02 16:32:48 PDT 2019,,,,51,0% (0/0),0% (0/0),0% (0/0),Clustering,"Clustering,Mixture Models,Spectral Clustering",https://msdn.microsoft.com/en-us/library/azure/dn905944.aspx,Explains key-concept(s),,
3QGHA0EA1M8BE8KQ3O2G3AYDSGGWBU,3FL4YKC6STUEVM71T6I5JHH233FUMM,Educational Content Categorization,What type of educational resource would you categorize this website as?,"website, classification, educational content",$0.20 ,Sun Sep 29 16:18:49 PDT 2019,2,BatchId:3783234;OriginalHitTemplateId:928390929;,120,259200,Sun Oct 06 16:18:49 PDT 2019,,,3K9FOBBF2LR0R6VIS35PADDF7N9NLS,AJ60KRY0FTB1F,Submitted,Sun Sep 29 16:51:54 PDT 2019,Sun Sep 29 16:53:06 PDT 2019,Wed Oct 02 16:53:06 PDT 2019,,,,72,0% (0/0),0% (0/0),0% (0/0),Clustering,"Clustering,Mixture Models,Spectral Clustering",https://msdn.microsoft.com/en-us/library/azure/dn905944.aspx,Related to key-concept(s),,
3R0WOCG22PHR11T5MKELGC1GALHUD0,3FL4YKC6STUEVM71T6I5JHH233FUMM,Educational Content Categorization,What type of educational resource would you categorize this website as?,"website, classification, educational content",$0.20 ,Sun Sep 29 16:18:50 PDT 2019,2,BatchId:3783234;OriginalHitTemplateId:928390929;,120,259200,Sun Oct 06 16:18:50 PDT 2019,,,3L4PIM1GQXO563U94PBWD5KLHZ5YRM,A1V6CP5I0TOSAR,Submitted,Sun Sep 29 17:16:56 PDT 2019,Sun Sep 29 17:17:53 PDT 2019,Wed Oct 02 17:17:53 PDT 2019,,,,57,0% (0/0),0% (0/0),0% (0/0),Logistic Regression,Logistic Regression,https://docs.microsoft.com/en-us/sql/analysis-services/data-mining/microsoft-logistic-regression-algorithm-technical-reference,Applications of key-concept(s),,
3R0WOCG22PHR11T5MKELGC1GALHUD0,3FL4YKC6STUEVM71T6I5JHH233FUMM,Educational Content Categorization,What type of educational resource would you categorize this website as?,"website, classification, educational content",$0.20 ,Sun Sep 29 16:18:50 PDT 2019,2,BatchId:3783234;OriginalHitTemplateId:928390929;,120,259200,Sun Oct 06 16:18:50 PDT 2019,,,3S06PH7KSVCEFN01AZ93UTS7VDYD1Q,AKSJ3C5O3V9RB,Submitted,Sun Sep 29 16:27:05 PDT 2019,Sun Sep 29 16:27:17 PDT 2019,Wed Oct 02 16:27:17 PDT 2019,,,,12,0% (0/0),0% (0/0),0% (0/0),Logistic Regression,Logistic Regression,https://docs.microsoft.com/en-us/sql/analysis-services/data-mining/microsoft-logistic-regression-algorithm-technical-reference,Applications of key-concept(s),,
3R6RZGK0YIKUCRDWN6B4PJD06GWYV1,3FL4YKC6STUEVM71T6I5JHH233FUMM,Educational Content Categorization,What type of educational resource would you categorize this website as?,"website, classification, educational content",$0.20 ,Sun Sep 29 16:18:49 PDT 2019,2,BatchId:3783234;OriginalHitTemplateId:928390929;,120,259200,Sun Oct 06 16:18:49 PDT 2019,,,36TFCYNS48I3H4QW3OD0GNB6SK5XHA,AKSJ3C5O3V9RB,Submitted,Sun Sep 29 16:23:06 PDT 2019,Sun Sep 29 16:24:40 PDT 2019,Wed Oct 02 16:24:40 PDT 2019,,,,94,0% (0/0),0% (0/0),0% (0/0),Graph Theory,"Breadth First Search,Depth First Search,Shortest Path Algorithms",http://www.bogotobogo.com/Algorithms/algorithms.php,Explains key-concept(s),,
3R6RZGK0YIKUCRDWN6B4PJD06GWYV1,3FL4YKC6STUEVM71T6I5JHH233FUMM,Educational Content Categorization,What type of educational resource would you categorize this website as?,"website, classification, educational content",$0.20 ,Sun Sep 29 16:18:49 PDT 2019,2,BatchId:3783234;OriginalHitTemplateId:928390929;,120,259200,Sun Oct 06 16:18:49 PDT 2019,,,37C0GNLMHJB9M91YG5LKPPJO3OH6DK,A1V6CP5I0TOSAR,Submitted,Sun Sep 29 16:40:56 PDT 2019,Sun Sep 29 16:41:43 PDT 2019,Wed Oct 02 16:41:43 PDT 2019,,,,47,0% (0/0),0% (0/0),0% (0/0),Graph Theory,"Breadth First Search,Depth First Search,Shortest Path Algorithms",http://www.bogotobogo.com/Algorithms/algorithms.php,Applications of key-concept(s),,
3RWB1RTQEMV2S1PIOQ4BKE0GRDSP8T,3FL4YKC6STUEVM71T6I5JHH233FUMM,Educational Content Categorization,What type of educational resource would you categorize this website as?,"website, classification, educational content",$0.20 ,Sun Sep 29 16:18:49 PDT 2019,2,BatchId:3783234;OriginalHitTemplateId:928390929;,120,259200,Sun Oct 06 16:18:49 PDT 2019,,,3GNA64GUZIC7SE5PG8HZXICNQ80Q5Y,A3DZGDF9HCTAOB,Submitted,Sun Sep 29 17:21:18 PDT 2019,Sun Sep 29 17:22:18 PDT 2019,Wed Oct 02 17:22:18 PDT 2019,,,,60,0% (0/0),0% (0/0),0% (0/0),Greedy Algorithms,"Greedy algorithms,activity selection problems",https://en.wikipedia.org/wiki/Exchange_algorithm,Summary of key-concept(s),,
3RWB1RTQEMV2S1PIOQ4BKE0GRDSP8T,3FL4YKC6STUEVM71T6I5JHH233FUMM,Educational Content Categorization,What type of educational resource would you categorize this website as?,"website, classification, educational content",$0.20 ,Sun Sep 29 16:18:49 PDT 2019,2,BatchId:3783234;OriginalHitTemplateId:928390929;,120,259200,Sun Oct 06 16:18:49 PDT 2019,,,3RKNTXVS3Q6X9FU8D7132QR4MUDA40,A1V6CP5I0TOSAR,Submitted,Sun Sep 29 16:37:48 PDT 2019,Sun Sep 29 16:38:52 PDT 2019,Wed Oct 02 16:38:52 PDT 2019,,,,64,0% (0/0),0% (0/0),0% (0/0),Greedy Algorithms,"Greedy algorithms,activity selection problems",https://en.wikipedia.org/wiki/Exchange_algorithm,Explains key-concept(s),,
3RZS0FBRXNI444FV52KGM0WZH4DPCZ,3FL4YKC6STUEVM71T6I5JHH233FUMM,Educational Content Categorization,What type of educational resource would you categorize this website as?,"website, classification, educational content",$0.20 ,Sun Sep 29 16:18:50 PDT 2019,2,BatchId:3783234;OriginalHitTemplateId:928390929;,120,259200,Sun Oct 06 16:18:50 PDT 2019,,,36WLNQG783IKKRWT8RDC6NN1H1SBE2,A1V6CP5I0TOSAR,Submitted,Sun Sep 29 16:39:34 PDT 2019,Sun Sep 29 16:40:17 PDT 2019,Wed Oct 02 16:40:17 PDT 2019,,,,43,0% (0/0),0% (0/0),0% (0/0),Memory Management,"Memory Management,Virtual Memory,Dynamic Memory Allocation",https://www.cs.uic.edu/~jbell/CourseNotes/OperatingSystems/9_VirtualMemory.html,Applications of key-concept(s),,
3RZS0FBRXNI444FV52KGM0WZH4DPCZ,3FL4YKC6STUEVM71T6I5JHH233FUMM,Educational Content Categorization,What type of educational resource would you categorize this website as?,"website, classification, educational content",$0.20 ,Sun Sep 29 16:18:50 PDT 2019,2,BatchId:3783234;OriginalHitTemplateId:928390929;,120,259200,Sun Oct 06 16:18:50 PDT 2019,,,3R8YZBNQ9LQMFIJ841WWV2QJHET7QS,A2WGW5Y3ZFBDEC,Submitted,Sun Sep 29 17:04:41 PDT 2019,Sun Sep 29 17:06:22 PDT 2019,Wed Oct 02 17:06:22 PDT 2019,,,,101,0% (0/0),0% (0/0),0% (0/0),Memory Management,"Memory Management,Virtual Memory,Dynamic Memory Allocation",https://www.cs.uic.edu/~jbell/CourseNotes/OperatingSystems/9_VirtualMemory.html,Explains key-concept(s),,
3TTPFEFXDWSNB686CYZ8RR2YZRT6HK,3FL4YKC6STUEVM71T6I5JHH233FUMM,Educational Content Categorization,What type of educational resource would you categorize this website as?,"website, classification, educational content",$0.20 ,Sun Sep 29 16:18:49 PDT 2019,2,BatchId:3783234;OriginalHitTemplateId:928390929;,120,259200,Sun Oct 06 16:18:49 PDT 2019,,,3ND9UOO81OAQE04WK4WC6WQ60ZHWLW,A3DZGDF9HCTAOB,Submitted,Sun Sep 29 17:24:21 PDT 2019,Sun Sep 29 17:24:26 PDT 2019,Wed Oct 02 17:24:26 PDT 2019,,,,5,0% (0/0),0% (0/0),0% (0/0),Greedy Algorithms,"Greedy algorithms,activity selection problems",https://en.wikipedia.org/wiki/Optimal_substructure,Summary of key-concept(s),,
3TTPFEFXDWSNB686CYZ8RR2YZRT6HK,3FL4YKC6STUEVM71T6I5JHH233FUMM,Educational Content Categorization,What type of educational resource would you categorize this website as?,"website, classification, educational content",$0.20 ,Sun Sep 29 16:18:49 PDT 2019,2,BatchId:3783234;OriginalHitTemplateId:928390929;,120,259200,Sun Oct 06 16:18:49 PDT 2019,,,3S3AMIZX3YDY2QAZQWYNBPBYZAVDCM,A1V6CP5I0TOSAR,Submitted,Sun Sep 29 17:07:30 PDT 2019,Sun Sep 29 17:08:53 PDT 2019,Wed Oct 02 17:08:53 PDT 2019,,,,83,0% (0/0),0% (0/0),0% (0/0),Greedy Algorithms,"Greedy algorithms,activity selection problems",https://en.wikipedia.org/wiki/Optimal_substructure,Explains key-concept(s),,
3VEI3XUC0U58A64ENZABBVVLH5GRP7,3FL4YKC6STUEVM71T6I5JHH233FUMM,Educational Content Categorization,What type of educational resource would you categorize this website as?,"website, classification, educational content",$0.20 ,Sun Sep 29 16:18:49 PDT 2019,2,BatchId:3783234;OriginalHitTemplateId:928390929;,120,259200,Sun Oct 06 16:18:49 PDT 2019,,,34MAJL3QP8VXPUVN4SMTFIDYGKO431,AJ60KRY0FTB1F,Submitted,Sun Sep 29 16:55:17 PDT 2019,Sun Sep 29 16:55:54 PDT 2019,Wed Oct 02 16:55:54 PDT 2019,,,,37,0% (0/0),0% (0/0),0% (0/0),Greedy Algorithms,"Greedy algorithms,activity selection problems",https://www.geeksforgeeks.org/greedy-algorithms-set-3-huffman-coding/,Schedule for the lesson plan,,
3VEI3XUC0U58A64ENZABBVVLH5GRP7,3FL4YKC6STUEVM71T6I5JHH233FUMM,Educational Content Categorization,What type of educational resource would you categorize this website as?,"website, classification, educational content",$0.20 ,Sun Sep 29 16:18:49 PDT 2019,2,BatchId:3783234;OriginalHitTemplateId:928390929;,120,259200,Sun Oct 06 16:18:49 PDT 2019,,,3HHRAGRYXCDN8PUL4L2CKTMPX309OZ,A3DZGDF9HCTAOB,Submitted,Sun Sep 29 17:11:57 PDT 2019,Sun Sep 29 17:12:08 PDT 2019,Wed Oct 02 17:12:08 PDT 2019,,,,11,0% (0/0),0% (0/0),0% (0/0),Greedy Algorithms,"Greedy algorithms,activity selection problems",https://www.geeksforgeeks.org/greedy-algorithms-set-3-huffman-coding/,Applications of key-concept(s),,
3VJ4PFXFK6FT3UQT2ANJQBTAPIKUAY,3FL4YKC6STUEVM71T6I5JHH233FUMM,Educational Content Categorization,What type of educational resource would you categorize this website as?,"website, classification, educational content",$0.20 ,Sun Sep 29 16:18:49 PDT 2019,2,BatchId:3783234;OriginalHitTemplateId:928390929;,120,259200,Sun Oct 06 16:18:49 PDT 2019,,,35L9RVQFCSQB00W1YJ2DWGC2Y2PHU3,A1V6CP5I0TOSAR,Submitted,Sun Sep 29 16:27:42 PDT 2019,Sun Sep 29 16:28:16 PDT 2019,Wed Oct 02 16:28:16 PDT 2019,,,,34,0% (0/0),0% (0/0),0% (0/0),Greedy Algorithms,"Greedy algorithms,activity selection problems",http://staff.ustc.edu.cn/~csli/graduate/algorithms/book6/chap17.htm,Schedule for the lesson plan,,
3VJ4PFXFK6FT3UQT2ANJQBTAPIKUAY,3FL4YKC6STUEVM71T6I5JHH233FUMM,Educational Content Categorization,What type of educational resource would you categorize this website as?,"website, classification, educational content",$0.20 ,Sun Sep 29 16:18:49 PDT 2019,2,BatchId:3783234;OriginalHitTemplateId:928390929;,120,259200,Sun Oct 06 16:18:49 PDT 2019,,,3Q5C1WP23Q9JBAL8VTRKWH4FIW915F,A3DZGDF9HCTAOB,Submitted,Sun Sep 29 17:22:59 PDT 2019,Sun Sep 29 17:23:06 PDT 2019,Wed Oct 02 17:23:06 PDT 2019,,,,7,0% (0/0),0% (0/0),0% (0/0),Greedy Algorithms,"Greedy algorithms,activity selection problems",http://staff.ustc.edu.cn/~csli/graduate/algorithms/book6/chap17.htm,Applications of key-concept(s),,
3VQTAXTYO6TYM4VL8ONFLMDG705UBT,3FL4YKC6STUEVM71T6I5JHH233FUMM,Educational Content Categorization,What type of educational resource would you categorize this website as?,"website, classification, educational content",$0.20 ,Sun Sep 29 16:18:49 PDT 2019,2,BatchId:3783234;OriginalHitTemplateId:928390929;,120,259200,Sun Oct 06 16:18:49 PDT 2019,,,3II4UPYCONF2WRKIVEZIVU0F3PQDQL,ABMPX2Y2IRBMG,Submitted,Sun Sep 29 16:27:56 PDT 2019,Sun Sep 29 16:28:18 PDT 2019,Wed Oct 02 16:28:18 PDT 2019,,,,22,0% (0/0),0% (0/0),0% (0/0),Clustering,"Clustering,Mixture Models,Spectral Clustering",https://www.edureka.co/blog/k-means-clustering-algorithm/,Explains key-concept(s),,
3VQTAXTYO6TYM4VL8ONFLMDG705UBT,3FL4YKC6STUEVM71T6I5JHH233FUMM,Educational Content Categorization,What type of educational resource would you categorize this website as?,"website, classification, educational content",$0.20 ,Sun Sep 29 16:18:49 PDT 2019,2,BatchId:3783234;OriginalHitTemplateId:928390929;,120,259200,Sun Oct 06 16:18:49 PDT 2019,,,3MH9DQ7570KX041QEDKVBG01J2BUGG,AKSJ3C5O3V9RB,Submitted,Sun Sep 29 16:26:41 PDT 2019,Sun Sep 29 16:26:49 PDT 2019,Wed Oct 02 16:26:49 PDT 2019,,,,8,0% (0/0),0% (0/0),0% (0/0),Clustering,"Clustering,Mixture Models,Spectral Clustering",https://www.edureka.co/blog/k-means-clustering-algorithm/,Applications of key-concept(s),,
3WGCNLZJLIGBS427KW415AWJZOK1D8,3FL4YKC6STUEVM71T6I5JHH233FUMM,Educational Content Categorization,What type of educational resource would you categorize this website as?,"website, classification, educational content",$0.20 ,Sun Sep 29 16:18:50 PDT 2019,2,BatchId:3783234;OriginalHitTemplateId:928390929;,120,259200,Sun Oct 06 16:18:50 PDT 2019,,,3K772S5NPCJUB4ZF8JN8SYQZCE1HES,A3DZGDF9HCTAOB,Submitted,Sun Sep 29 17:10:37 PDT 2019,Sun Sep 29 17:10:46 PDT 2019,Wed Oct 02 17:10:46 PDT 2019,,,,9,0% (0/0),0% (0/0),0% (0/0),Memory Management,"Memory Management,Virtual Memory,Dynamic Memory Allocation",https://gabrieletolomei.wordpress.com/miscellanea/operating-systems/virtual-memory-paging-and-swapping/,Explains key-concept(s),,
3WGCNLZJLIGBS427KW415AWJZOK1D8,3FL4YKC6STUEVM71T6I5JHH233FUMM,Educational Content Categorization,What type of educational resource would you categorize this website as?,"website, classification, educational content",$0.20 ,Sun Sep 29 16:18:50 PDT 2019,2,BatchId:3783234;OriginalHitTemplateId:928390929;,120,259200,Sun Oct 06 16:18:50 PDT 2019,,,3UOUJI6MTHM8MQWG3NKZZ20WMS8XUC,A1V6CP5I0TOSAR,Submitted,Sun Sep 29 16:28:16 PDT 2019,Sun Sep 29 16:29:34 PDT 2019,Wed Oct 02 16:29:34 PDT 2019,,,,78,0% (0/0),0% (0/0),0% (0/0),Memory Management,"Memory Management,Virtual Memory,Dynamic Memory Allocation",https://gabrieletolomei.wordpress.com/miscellanea/operating-systems/virtual-memory-paging-and-swapping/,Explains key-concept(s),,
3X52SWXE10DUODCWHOYBEU4VA1GWC1,3FL4YKC6STUEVM71T6I5JHH233FUMM,Educational Content Categorization,What type of educational resource would you categorize this website as?,"website, classification, educational content",$0.20 ,Sun Sep 29 16:18:49 PDT 2019,2,BatchId:3783234;OriginalHitTemplateId:928390929;,120,259200,Sun Oct 06 16:18:49 PDT 2019,,,33FBRBDW6S7MLVE89ON7PXXXOJZC8G,A1V6CP5I0TOSAR,Submitted,Sun Sep 29 17:12:16 PDT 2019,Sun Sep 29 17:13:22 PDT 2019,Wed Oct 02 17:13:22 PDT 2019,,,,66,0% (0/0),0% (0/0),0% (0/0),Clustering,"Clustering,Mixture Models,Spectral Clustering",http://home.deib.polimi.it/matteucc/Clustering/tutorial_html/index.html,Explains key-concept(s),,
3X52SWXE10DUODCWHOYBEU4VA1GWC1,3FL4YKC6STUEVM71T6I5JHH233FUMM,Educational Content Categorization,What type of educational resource would you categorize this website as?,"website, classification, educational content",$0.20 ,Sun Sep 29 16:18:49 PDT 2019,2,BatchId:3783234;OriginalHitTemplateId:928390929;,120,259200,Sun Oct 06 16:18:49 PDT 2019,,,3X0H8UUIT5WDIDZM4DTDII41STQSW7,A3DZGDF9HCTAOB,Submitted,Sun Sep 29 17:33:10 PDT 2019,Sun Sep 29 17:33:22 PDT 2019,Wed Oct 02 17:33:22 PDT 2019,,,,12,0% (0/0),0% (0/0),0% (0/0),Clustering,"Clustering,Mixture Models,Spectral Clustering",http://home.deib.polimi.it/matteucc/Clustering/tutorial_html/index.html,Summary of key-concept(s),,
3X7837UUBG6J2C3W0Y2T34IDCJX6JP,3FL4YKC6STUEVM71T6I5JHH233FUMM,Educational Content Categorization,What type of educational resource would you categorize this website as?,"website, classification, educational content",$0.20 ,Sun Sep 29 16:18:49 PDT 2019,2,BatchId:3783234;OriginalHitTemplateId:928390929;,120,259200,Sun Oct 06 16:18:49 PDT 2019,,,3D3VGR7TA4N4Q0XLF4I6NBO88Y4R33,A1V6CP5I0TOSAR,Submitted,Sun Sep 29 16:34:18 PDT 2019,Sun Sep 29 16:35:09 PDT 2019,Wed Oct 02 16:35:09 PDT 2019,,,,51,0% (0/0),0% (0/0),0% (0/0),Clustering,"Clustering,Mixture Models,Spectral Clustering",https://people.eecs.berkeley.edu/~jrs/189/,Summary of key-concept(s),,
3X7837UUBG6J2C3W0Y2T34IDCJX6JP,3FL4YKC6STUEVM71T6I5JHH233FUMM,Educational Content Categorization,What type of educational resource would you categorize this website as?,"website, classification, educational content",$0.20 ,Sun Sep 29 16:18:49 PDT 2019,2,BatchId:3783234;OriginalHitTemplateId:928390929;,120,259200,Sun Oct 06 16:18:49 PDT 2019,,,3PZDLQMM0XTBZGCJT7E6F6KU2J52C1,AJ60KRY0FTB1F,Submitted,Sun Sep 29 16:56:34 PDT 2019,Sun Sep 29 16:57:09 PDT 2019,Wed Oct 02 16:57:09 PDT 2019,,,,35,0% (0/0),0% (0/0),0% (0/0),Clustering,"Clustering,Mixture Models,Spectral Clustering",https://people.eecs.berkeley.edu/~jrs/189/,Schedule for the lesson plan,,
3XT3KXP2526N71JQIGHTR33DZ486ID,3FL4YKC6STUEVM71T6I5JHH233FUMM,Educational Content Categorization,What type of educational resource would you categorize this website as?,"website, classification, educational content",$0.20 ,Sun Sep 29 16:18:49 PDT 2019,2,BatchId:3783234;OriginalHitTemplateId:928390929;,120,259200,Sun Oct 06 16:18:49 PDT 2019,,,379J5II41SOWX0I5Z426KQJ6TVBELX,A3DZGDF9HCTAOB,Submitted,Sun Sep 29 17:16:01 PDT 2019,Sun Sep 29 17:16:32 PDT 2019,Wed Oct 02 17:16:32 PDT 2019,,,,31,0% (0/0),0% (0/0),0% (0/0),Clustering,"Clustering,Mixture Models,Spectral Clustering",http://scikit-learn.org/stable/modules/mixture.html,Explains key-concept(s),,
3XT3KXP2526N71JQIGHTR33DZ486ID,3FL4YKC6STUEVM71T6I5JHH233FUMM,Educational Content Categorization,What type of educational resource would you categorize this website as?,"website, classification, educational content",$0.20 ,Sun Sep 29 16:18:49 PDT 2019,2,BatchId:3783234;OriginalHitTemplateId:928390929;,120,259200,Sun Oct 06 16:18:49 PDT 2019,,,3IQ1VMJRYXSY6L0KU2XUJY2K8MQ9AU,A1V6CP5I0TOSAR,Submitted,Sun Sep 29 16:30:58 PDT 2019,Sun Sep 29 16:31:54 PDT 2019,Wed Oct 02 16:31:54 PDT 2019,,,,56,0% (0/0),0% (0/0),0% (0/0),Clustering,"Clustering,Mixture Models,Spectral Clustering",http://scikit-learn.org/stable/modules/mixture.html,Applications of key-concept(s),,
3XU80RHWI2OFK7GXE3MA049GYV144B,3FL4YKC6STUEVM71T6I5JHH233FUMM,Educational Content Categorization,What type of educational resource would you categorize this website as?,"website, classification, educational content",$0.20 ,Sun Sep 29 16:18:50 PDT 2019,2,BatchId:3783234;OriginalHitTemplateId:928390929;,120,259200,Sun Oct 06 16:18:50 PDT 2019,,,39N5ACM9HIV5TP6MJLFR9TRF78X9PH,A1V6CP5I0TOSAR,Submitted,Sun Sep 29 17:17:54 PDT 2019,Sun Sep 29 17:18:54 PDT 2019,Wed Oct 02 17:18:54 PDT 2019,,,,60,0% (0/0),0% (0/0),0% (0/0),Logistic Regression,Logistic Regression,https://datascienceplus.com/category/regression-models,Related to key-concept(s),,
3XU80RHWI2OFK7GXE3MA049GYV144B,3FL4YKC6STUEVM71T6I5JHH233FUMM,Educational Content Categorization,What type of educational resource would you categorize this website as?,"website, classification, educational content",$0.20 ,Sun Sep 29 16:18:50 PDT 2019,2,BatchId:3783234;OriginalHitTemplateId:928390929;,120,259200,Sun Oct 06 16:18:50 PDT 2019,,,3ATTHHXXWEW3DZ1G96VLGZCLSXTXIC,A3DZGDF9HCTAOB,Submitted,Sun Sep 29 17:25:37 PDT 2019,Sun Sep 29 17:26:06 PDT 2019,Wed Oct 02 17:26:06 PDT 2019,,,,29,0% (0/0),0% (0/0),0% (0/0),Logistic Regression,Logistic Regression,https://datascienceplus.com/category/regression-models,Schedule for the lesson plan,,
3Z56AA6EL7893K9H3VFLJWAUGDS6MT,3FL4YKC6STUEVM71T6I5JHH233FUMM,Educational Content Categorization,What type of educational resource would you categorize this website as?,"website, classification, educational content",$0.20 ,Sun Sep 29 16:18:50 PDT 2019,2,BatchId:3783234;OriginalHitTemplateId:928390929;,120,259200,Sun Oct 06 16:18:50 PDT 2019,,,340UGXU9D29GI1RL38JHBH3B6H2VU9,A291KO368YRYCR,Submitted,Sun Sep 29 16:40:30 PDT 2019,Sun Sep 29 16:41:01 PDT 2019,Wed Oct 02 16:41:01 PDT 2019,,,,31,0% (0/0),0% (0/0),0% (0/0),Logistic Regression,Logistic Regression,http://www.biostathandbook.com/simplelogistic.html,Explains key-concept(s),,
3Z56AA6EL7893K9H3VFLJWAUGDS6MT,3FL4YKC6STUEVM71T6I5JHH233FUMM,Educational Content Categorization,What type of educational resource would you categorize this website as?,"website, classification, educational content",$0.20 ,Sun Sep 29 16:18:50 PDT 2019,2,BatchId:3783234;OriginalHitTemplateId:928390929;,120,259200,Sun Oct 06 16:18:50 PDT 2019,,,3SNVL38CI806GWG9IDKAF26OJJSKC6,A1V6CP5I0TOSAR,Submitted,Sun Sep 29 17:05:40 PDT 2019,Sun Sep 29 17:06:40 PDT 2019,Wed Oct 02 17:06:40 PDT 2019,,,,60,0% (0/0),0% (0/0),0% (0/0),Logistic Regression,Logistic Regression,http://www.biostathandbook.com/simplelogistic.html,Summary of key-concept(s),,
3Z8UJEJOD2LVZH35VKDI77SQ6NJ93R,3FL4YKC6STUEVM71T6I5JHH233FUMM,Educational Content Categorization,What type of educational resource would you categorize this website as?,"website, classification, educational content",$0.20 ,Sun Sep 29 16:18:49 PDT 2019,2,BatchId:3783234;OriginalHitTemplateId:928390929;,120,259200,Sun Oct 06 16:18:49 PDT 2019,,,3CTOC39K3BY5TVFV9BCNY1EX3JVJ77,A1V6CP5I0TOSAR,Submitted,Sun Sep 29 16:29:37 PDT 2019,Sun Sep 29 16:30:56 PDT 2019,Wed Oct 02 16:30:56 PDT 2019,,,,79,0% (0/0),0% (0/0),0% (0/0),Greedy Algorithms,"Greedy algorithms,activity selection problems",https://www.geeksforgeeks.org/greedy-algorithms-set-1-activity-selection-problem/,Applications of key-concept(s),,
3Z8UJEJOD2LVZH35VKDI77SQ6NJ93R,3FL4YKC6STUEVM71T6I5JHH233FUMM,Educational Content Categorization,What type of educational resource would you categorize this website as?,"website, classification, educational content",$0.20 ,Sun Sep 29 16:18:49 PDT 2019,2,BatchId:3783234;OriginalHitTemplateId:928390929;,120,259200,Sun Oct 06 16:18:49 PDT 2019,,,3NG53N1RLZR5FKNCET9D9XW4N26P8Z,A1PUHCEBSOWETV,Submitted,Sun Sep 29 16:20:22 PDT 2019,Sun Sep 29 16:20:49 PDT 2019,Wed Oct 02 16:20:49 PDT 2019,,,,27,0% (0/0),0% (0/0),0% (0/0),Greedy Algorithms,"Greedy algorithms,activity selection problems",https://www.geeksforgeeks.org/greedy-algorithms-set-1-activity-selection-problem/,Applications of key-concept(s),,